Event_1,3748533,3749427,3750328,3751103,3751929,3752606,3753407,3754299,3755007,3755806,3756706,3757609,3758498,3759207,3760000,3760700,3761428,3762106,3762928,3763835,3765641,3766600,3767508,3768511,3769530,3770306,3771203,3772198,3773134,3774031,3774924,3775826,3776733,3777709,3778607,3779607,3780629,3781408,3782425,3783402,3784403,3785301,3786201,3787101,3788003,3794503,3800724,3801497,3802296,3803122,3811594,3812430,3813322,3814099,3815002,3816026,3816922,3817824,3836416,3837322,3840930,3841987,3842892,3843623,3844397,3845196,3846021,3846923,3847826,3850092,3850820,3851491,3852195,3852993,3865402,3873099,3873923,3874892,3884418,3885196,3886091,3888083,3888925,3907884,3908794,3909685,3910583,3911494,3912495,3913516,3914290,3916103,3916987,3917792,3918694,3919814,3920787,3921689,3922694,3923724,3924684,3925517,3926416,3935711,3936486,3937390,3938287,3944413,3945187,3946081,3953887,3954685,,,,,,,,,,,,,,,,,,,,,,,,,,,,,,,,,,,,,,,,,,,,,,,,,,,,,,,,,,,,,,,,,,,,,,,,,,,,,,,,,,
Event_2,4063679,4064576,4065476,4066370,4067173,4068002,4068970,4069875,4070775,4071673,4072673,4073695,4074598,4075496,4076407,4077376,4078270,4079168,4080073,4081068,4081882,4082771,4083675,4084677,4085576,4086567,4087496,4088402,4089300,4090196,4091107,4092170,4092976,4093975,4096792,4097569,4098474,4099503,4100473,4101368,4102369,4103401,4104366,4105195,4105977,4107052,4107973,4108800,4109693,4110601,4111567,4112471,4113368,4114271,4115168,4115996,4116862,4117670,4118472,4119301,4120191,4120974,4121865,4122670,4123567,4124467,4125301,4133873,4134767,4135660,4136468,4137369,4138268,4139161,4139992,4140888,4141790,4142568,4143370,4144268,4145171,4146075,4146963,4147794,4148763,4149669,4150563,4151396,4152299,4153371,4154392,4155168,4156194,4162195,4162963,4163868,,,,,,,,,,,,,,,,,,,,,,,,,,,,,,,,,,,,,,,,,,,,,,,,,,,,,,,,,,,,,,,,,,,,,,,,,,,,,,,,,,,,,,,,,,,,,,,,,,
Event_3,4222664,4223456,4224161,4224954,4225655,4226388,4227158,4227954,4228788,4229688,4230461,4231253,4232083,4232983,4233882,4234660,4235463,4236459,4237481,4238258,4239152,4239962,4240955,4241758,4242586,4243355,4244159,4244987,4245757,4246488,4247259,4248355,4249360,4250254,4251153,4252057,4252958,4253855,4254883,4255864,4256860,4257889,4258958,4259988,4260881,4261779,4262692,4263654,4264486,4265381,4266149,4266951,4267782,4268556,4269457,4270490,4271558,4272579,4273477,4274389,4275284,4276059,4277016,4277979,4278757,4279782,4280758,4281754,4282255,4283460,4284348,4289161,4290159,4291175,4291954,4292858,4293881,4294852,4295747,4296647,4297549,4298549,4299456,4300357,4301255,4302148,4302954,4303951,4304976,4305757,4306780,4307680,4308580,4309554,4310556,4311577,4312475,4313450,4314582,4315555,4316450,4317356,4318357,4319383,,,,,,,,,,,,,,,,,,,,,,,,,,,,,,,,,,,,,,,,,,,,,,,,,,,,,,,,,,,,,,,,,,,,,,,,,,,,,,,,,,,,,,,,,,
Event_4,4363771,4364450,4365270,4366046,4366839,4367544,4368340,4369169,4369940,4370677,4371569,4372442,4373246,4374044,4374877,4375769,4376546,4377348,4378171,4378940,4379751,4380745,4381644,4382446,4383346,4384339,4385146,4385971,4386747,4387770,4388741,4389647,4390548,4391550,4392579,4393472,4394239,4394973,4395837,4396642,4397442,4398345,4399350,4400369,4401146,4402172,4403149,4404266,4405047,4406073,4407103,4408039,4408845,4409740,4411646,4412672,4416573,4417469,4418440,4419346,4420339,4421238,4422264,4423244,4424238,4425136,4426041,4427114,4428046,4428938,4429766,4430671,4431642,4432546,4433441,4434434,4435336,4436234,4437087,4438035,4439069,4439964,4440738,4441643,4442669,4443566,4444343,4446868,4447836,4448661,4449641,4450640,4451537,4452435,4453334,4454238,4455134,4455941,4456938,4457843,4458736,4459539,,,,,,,,,,,,,,,,,,,,,,,,,,,,,,,,,,,,,,,,,,,,,,,,,,,,,,,,,,,,,,,,,,,,,,,,,,,,,,,,,,,,,,,,,,,,
Event_5,4500130,4501028,4501828,4502532,4503334,4504227,4505068,4505954,4506735,4507754,4508664,4509555,4510338,4511239,4512260,4513127,4513936,4514953,4515732,4516627,4517528,4518433,4519335,4520235,4521139,4522160,4523053,4523827,4524636,4525638,4526654,4527427,4528225,4529060,4530037,4530934,4531832,4532732,4533728,4534535,4535427,4536326,4537234,4538136,4539033,4540028,4541057,4541962,4542926,4543935,4544961,4545859,4546758,4547728,4548734,4549760,4550660,4551630,4552630,4553652,4554428,4555227,4556123,4557126,4558021,4558821,4559722,4560629,4561630,4562526,4563431,4564459,4565523,4566426,4567324,4568229,4569132,4570222,4571125,4572025,4573022,4574047,4574956,4575854,4576758,4577660,4578553,4579327,4580232,4581257,4582227,4583125,4584031,4585027,4585928,4586819,4587624,4588519,4589423,4590327,4591156,4592173,4593025,4594022,4594825,4595723,4596621,4597450,4598222,4599016,4599849,4600751,4601656,4602549,4603452,4604428,4605327,,,,,,,,,,,,,,,,,,,,,,,,,,,,,,,,,,,,,,,,,,,,,,,,,,,,,,,,,,,,,,,,,,,,,,,,,,,,,
Event_6,4646514,4647238,4647914,4648618,4649419,4650247,4651828,4652419,4653414,4654213,4654919,4655650,4656410,4657020,4657747,4658415,4659119,4660142,4661045,4661941,4662811,4663739,4664716,4665714,4666521,4667409,4668312,4669316,4670220,4671112,4672019,4673050,4673941,4674844,4675820,4676949,4677917,4678814,4679945,4681021,4682949,4684151,4685345,4686313,4687311,4688349,4689413,4690310,4691215,4692318,4693514,4694413,4695243,4696211,4697215,4698114,4699210,4700348,4701542,4702515,4703521,4704712,4705811,4706708,4707609,4708711,4709747,4710843,4711739,4712708,4713716,4714815,4715805,4716615,4717609,4718518,4719536,4720509,4721513,4722539,4723439,4724334,4725308,4726310,4727205,4728005,4728835,4729735,4730514,4731311,4732131,4732903,4733709,4734534,4735301,4736034,4736804,4737541,4738306,4739107,4740009,4740914,4741806,4742634,4743540,4744511,4745504,4746309,4747208,4748209,4749241,4750139,4751034,4752008,4753136,4754038,4754932,4755832,4756736,4757635,4758408,4759308,4760406,4761412,4762430,4763405,4764408,4765305,4766108,4767007,4767906,4768736,4769629,4770536,4771506,4772402,4773238,4774205,4775202,4776008,4776908,4777906,4778928,4779708,4780603,4781507,4782536,4783499,4784333,4785234,4786128,4787034,4788103,4789131,4790028,4790805,4791607,4792503,4793498,4794304,4795135,4796099,4797202,4798300,4799200,4800098,,,,,,,,,,,,,,,,,,,,,,,,,,,,
Event_7,4838029,4838931,4839831,4840726,4841625,4842529,4843496,4844398,4845292,4846004,4846801,4847629,4848698,4849809,4850927,4851995,4852898,4853802,4854827,4855792,4856799,4857828,4858796,4859698,4860527,4862928,4863822,4864792,4865923,4867000,4868097,4869001,4869995,4871027,4872100,4873202,4874328,4875397,4876302,4877234,4877997,4878896,4880026,4881295,4882425,4883495,4884522,4885501,4886502,4887521,4888421,4889199,4890093,4890995,4892019,4892922,4893698,4894495,4895325,4896223,4897290,4898319,4899292,4900194,4901189,4902090,4902995,4904020,4904988,4905897,4906896,4907792,4908593,4909416,4910187,4910990,4912089,4913191,4914291,4915295,4916318,4917290,4918192,4919091,4919987,4920886,4921724,4922623,4923584,4924413,4925092,4925918,4926693,4927723,4928796,4929887,4930890,4931788,4932688,4933590,4934493,4935394,4936413,4937316,4938285,4939188,4940013,4940782,4941584,4942414,4943307,4944218,4945186,4946093,4947084,4947981,4948786,4949683,4950585,4951488,4952391,4953284,4954186,4955087,4955916,4956685,4957481,4958308,4959084,4959985,4960889,4961909,4962810,4963707,4964484,4965381,4966277,4967086,4967985,4968883,4969779,4970679,4971507,4972275,4973009,4973777,4974580,4975486,4976384,4977272,4977981,4978782,4979684,4980583,4981483,4982382,4983215,4984108,4984974,4985779,4986581,4987408,4988173,4988904,4989584,4990409,4991310,4992286,4993286,4994380,4995377,4996403,4997309,4998282,4999283,5000308,5001280,5002277,5003177,5003976,5004799,5005571,5006377,5007284,5008402,5009373,5010280,5011185,5012178,5013207,5014176,5015076,5015974,5016882
Event_8,5087322,5088193,5089174,5090305,5091373,5092469,5093594,5094565,5095471,5096465,5097491,5098392,5099289,5100061,5100861,5101692,5102965,5104103,5105076,5106191,5107166,5108165,5109200,5110261,5111292,5112197,5113088,5113858,5114664,5115572,5116698,5118683,5119701,5120768,5121861,5122869,5123965,5124970,5126067,5127059,5127867,5128686,5129457,5130357,5131568,5132765,5133866,5134990,5135968,5136965,5137866,5138765,5139661,5140686,5141590,5142560,5143390,5144159,5144956,5145784,5146556,5147458,5148491,5149463,5150461,5151483,5152386,5153288,5154189,5155085,5155861,5156654,5157360,5158871,5159589,5160355,5161085,5161860,5162762,5163789,5164765,5165762,5166664,5167563,5168459,5169261,5170083,5170759,5171582,5172363,5173385,5174361,5175484,5176460,5177462,5178362,5179382,5180281,,,,,,,,,,,,,,,,,,,,,,,,,,,,,,,,,,,,,,,,,,,,,,,,,,,,,,,,,,,,,,,,,,,,,,,,,,,,,,,,,,,,,,,,,,,,,,,,
Event_9,5230373,5231272,5232043,5232776,5233452,5234155,5234946,5235769,5236555,5237578,5238548,5239554,5240656,5241783,5242848,5243875,5244773,5245544,5246346,5247348,5248381,5249278,5250170,5251070,5252049,5253050,5253947,5254746,5255577,5256468,5258159,5259045,5259950,5260971,5261869,5262642,5263444,5264273,5265170,5265945,5266748,5267566,5268248,5269079,5269845,5270749,5271769,5272678,5273644,5274642,5275447,5276339,5277173,5278069,5278970,5279872,5280773,5281668,5282441,5283172,5283941,5284740,5285447,5286237,5286941,5287737,5288574,5289648,5290753,5291877,5292944,5293967,5294870,5295764,5296542,5297443,5298341,5299237,5300142,5301175,5302138,5302973,5303742,5304543,5305433,5306270,5307247,5308241,5309270,5310239,5311238,5312036,5312868,5313763,5314664,5315563,5316464,5317247,5318144,5319165,5320068,5320965,5321740,5322537,5323238,5324034,5324736,5325536,5326436,5327346,5328339,5329240,,,,,,,,,,,,,,,,,,,,,,,,,,,,,,,,,,,,,,,,,,,,,,,,,,,,,,,,,,,,,,,,,,,,,,,,,,,,,,,,,,
Event_10,5371356,5372037,5372733,5373455,5374131,5374829,5375555,5376231,5376932,5377658,5378332,5379156,5379935,5380835,5381636,5382527,5383362,5384131,5384859,5385537,5386227,5386835,5387561,5388537,5389530,5390430,5391333,5392235,5393135,5394025,5394834,5395728,5396627,5397465,5398362,5399258,5400034,5400828,5401532,5402431,5403327,5404130,5404923,5405627,5406326,5407054,5407732,5408558,5409527,5410431,5411428,5412394,5413225,5414025,5414730,5415523,5416226,5417024,5417733,5418635,5419531,5420423,5421325,5422420,5423332,5424328,5425223,5426023,5426849,5427623,5428420,5429259,5430226,5431227,5432255,5433231,5434134,5435121,5435924,5436754,5437646,5438328,5439156,5440053,5440830,5441624,5442394,5443127,5443950,5444622,5445326,5446128,5446952,5447855,5448823,5449730,5450721,5451526,5452346,5453028,5453846,5454527,5460026,5460918,5461727,5462625,5463620,5464520,5465521,5466521,5467430,5468423,5469318,,,,,,,,,,,,,,,,,,,,,,,,,,,,,,,,,,,,,,,,,,,,,,,,,,,,,,,,,,,,,,,,,,,,,,,,,,,,,,,,,
Event_11,5520741,5521513,5522316,5523217,5524045,5524819,5525614,5526315,5527039,5527715,5528539,5529519,5530421,5531319,5532209,5532922,5533715,5534509,5535214,5535920,5536719,5537714,5538741,5539717,5540720,5541740,5542642,5543421,5544217,5545037,5545709,5552547,5553613,5554710,5555712,5556518,5557338,5558015,5558831,5559506,5560334,5561239,5562212,5563350,5564421,5565442,5566334,5567105,5568450,5569111,5569814,5570836,5572821,5573606,5574432,5575414,5576548,5577611,5578711,5579715,5580605,5581407,5582110,5582913,5584213,5585317,5586434,5587336,5588234,5589008,5589812,5590643,5591410,5592212,5593040,5593933,5594802,5595733,5596631,5597533,5598313,5599203,5600009,5600836,5601609,5602335,5603103,5603837,5604703,5605509,5606310,5607128,5607803,5608510,5609401,5610212,5611109,5612010,5612900,5613731,,,,,,,,,,,,,,,,,,,,,,,,,,,,,,,,,,,,,,,,,,,,,,,,,,,,,,,,,,,,,,,,,,,,,,,,,,,,,,,,,,,,,,,,,,,,,,